DAYS_BACK,AVG_PRICE,BEST_ATR_LOW,BEST_ATR_HIGH,ATR_SWEEP_PROFIT,BEST_KS,BEST_KT,KS_KT_SWEEP_PROFIT,AVG_ATR,AVG_RSI,AVG_SMA,AVG_VOLUME
10,70276,0.40,0.99,4.92,1.30,1.50,13.82,0.3540,50.3539,50.3874,391
20,67670,0.40,0.50,2.72,1.20,0.80,0.74,0.2310,50.6133,50.5205,211
30,63961,0.30,0.40,8.63,1.30,1.20,11.88,0.2940,52.4479,52.3229,269
40,62851,0.25,0.99,8.73,1.00,1.30,8.73,0.2972,49.1636,49.1544,240
50,63474,0.40,0.99,0.57,1.20,1.50,6.80,0.2761,51.9621,52.0526,218
60,58072,0.25,0.99,6.81,1.40,0.90,10.83,0.3249,52.3719,52.4698,269
70,57458,0.40,0.99,4.68,1.10,0.80,9.03,0.3437,48.1165,48.1763,271
80,61464,0.35,0.40,4.45,1.40,0.80,6.12,0.3450,49.8073,49.7670,268
90,59547,0.40,0.50,3.83,1.60,0.80,6.53,0.3990,49.7480,49.8631,246
100,60167,0.25,0.99,19.58,1.10,1.00,27.34,0.6617,48.5031,48.5910,555
105,65577,0.30,0.99,12.11,1.20,1.20,15.46,0.3742,48.5506,48.7345,286
110,67075,0.40,0.99,4.78,0.80,1.00,3.34,0.3398,50.6570,50.7909,283
115,65688,0.00,0.00,0.00,1.30,0.80,0.93,0.3327,49.9357,49.9735,273
