WINDOW_START,WINDOW_END,CUMULATIVE_PROFIT_USDT,WINDOW_RETURN_PCT,NUM_POSITIONS
2024-02-22,2024-02-29,17533.93,88.41,86
2024-02-29,2024-03-07,47805.65,143.59,151
2024-03-07,2024-03-14,64753.50,62.31,114
2024-03-14,2024-03-21,101652.52,179.34,170
2024-03-21,2024-03-28,126371.10,97.78,161
2024-03-28,2024-04-04,140021.02,39.87,117
2024-04-04,2024-04-11,157452.55,59.33,129
2024-04-11,2024-04-18,191609.40,167.11,159
2024-04-18,2024-04-25,206487.49,41.83,136
2024-04-25,2024-05-02,226131.14,83.58,125
2024-05-02,2024-05-09,245458.24,69.95,148
